N,nbags,exp,injuries,non-injuries,thresh,Val_AUC,Val_RE,Val_SP,Val_TP,Val_FP,Val_TN,Val_FN,Test_AUC,Test_RE,Test_SP,Test_TP,Test_FP,Test_TN,Test_FN
10,9,0,50,2994,0.43449409471617806,0.7312090848363393,0.66,0.6158984635938544,33,1150,1844,17,0.7307615230460921,0.62,0.7191048764195057,31,841,2153,19
10,9,1,50,2994,0.43320318890942466,0.7555177020708083,0.66,0.6439545758183033,33,1066,1928,17,0.7352905811623247,0.6,0.7317969271877087,30,803,2191,20
10,9,2,50,2994,0.45892322063446045,0.7368436873747495,0.66,0.655310621242485,33,1032,1962,17,0.7330394121576487,0.52,0.7548430193720775,26,734,2260,24
10,9,3,50,2994,0.46687259607844883,0.7534001336005344,0.68,0.6993987975951904,34,900,2094,16,0.7283233132932532,0.46,0.7869071476285905,23,638,2356,27
10,9,4,50,2994,0.4294178949462043,0.7307815631262525,0.64,0.6402805611222445,32,1077,1917,18,0.7315698062792251,0.62,0.7374749498997996,31,786,2208,19
