N,nbags,exp,injuries,non-injuries,thresh,Val_AUC,Val_RE,Val_SP,Val_TP,Val_FP,Val_TN,Val_FN,Test_AUC,Test_RE,Test_SP,Test_TP,Test_FP,Test_TN,Test_FN
10,9,0,48,2967,0.46524176001548767,0.7179916582406471,0.6458333333333334,0.6521739130434783,31,1032,1935,17,0.6727334007414898,0.4791666666666667,0.723963599595551,23,819,2148,25
10,9,1,48,2967,0.4489552577336629,0.7772019997753061,0.6666666666666666,0.6656555443208628,32,992,1975,16,0.6750365127513762,0.5416666666666666,0.7172227839568588,26,839,2128,22
10,9,2,48,2967,0.4686308734946781,0.7154182114369172,0.6458333333333334,0.6417256488035052,31,1063,1904,17,0.6862080103359174,0.6041666666666666,0.698685540950455,29,894,2073,19
10,9,3,48,2967,0.46137943863868713,0.7350859453993933,0.6666666666666666,0.6818335018537243,32,944,2023,16,0.6858850129198966,0.5416666666666666,0.7347489046174587,26,787,2180,22
10,9,4,48,2967,0.47036019298765397,0.7428519267498033,0.6875,0.688237276710482,33,925,2042,15,0.6837363779350636,0.5625,0.7428378833838895,27,763,2204,21
